{
    "categories": [
        {
            "name": "L_MicrosoftOfficeaccess",
            "displayName": "Microsoft Access 2016"
        },
        {
            "parentCategory": {
                "ref": "L_MicrosoftOfficeaccess"
            },
            "name": "L_ApplicationSettings",
            "displayName": "Toepassingsinstellingen"
        },
        {
            "parentCategory": {
                "ref": "L_ApplicationSettings"
            },
            "name": "L_International",
            "displayName": "Internationaal"
        },
        {
            "parentCategory": {
                "ref": "L_ApplicationSettings"
            },
            "name": "L_WebOptions",
            "displayName": "Webopties..."
        },
        {
            "parentCategory": {
                "ref": "L_WebOptions"
            },
            "name": "L_General",
            "displayName": "Algemeen"
        },
        {
            "parentCategory": {
                "ref": "L_ApplicationSettings"
            },
            "name": "L_general5",
            "displayName": "Algemeen"
        },
        {
            "parentCategory": {
                "ref": "L_ApplicationSettings"
            },
            "name": "L_Security",
            "displayName": "Beveiliging"
        },
        {
            "parentCategory": {
                "ref": "L_Security"
            },
            "name": "L_Cryptography",
            "displayName": "Cryptografie"
        },
        {
            "parentCategory": {
                "ref": "L_Security"
            },
            "name": "L_TrustCenter",
            "displayName": "Vertrouwenscentrum"
        },
        {
            "parentCategory": {
                "ref": "L_TrustCenter"
            },
            "name": "L_TrustedLocations",
            "displayName": "Vertrouwde locaties"
        },
        {
            "parentCategory": {
                "ref": "L_MicrosoftOfficeaccess"
            },
            "name": "L_Customizableerrormessages",
            "displayName": "Aanpasbare foutberichten"
        },
        {
            "parentCategory": {
                "ref": "L_MicrosoftOfficeaccess"
            },
            "name": "L_Disableitemsinuserinterface",
            "displayName": "Items in gebruikersinterface uitschakelen"
        },
        {
            "parentCategory": {
                "ref": "L_Disableitemsinuserinterface"
            },
            "name": "L_Custom",
            "displayName": "Aangepast"
        },
        {
            "parentCategory": {
                "ref": "L_MicrosoftOfficeaccess"
            },
            "name": "L_Miscellaneous",
            "displayName": "Diversen"
        }
    ],
    "policies": [
        {
            "parentCategory": {
                "ref": "L_International"
            },
            "supportedOn": {
                "ref": "windows:SUPPORTED_Windows7"
            },
            "elements": {
                "items": [
                    {
                        "item": [
                            {
                                "value": {
                                    "decimal": {
                                        "value": 0
                                    }
                                },
                                "displayName": "Van links naar rechts"
                            },
                            {
                                "value": {
                                    "decimal": {
                                        "value": 1
                                    }
                                },
                                "displayName": "Van rechts naar links"
                            }
                        ],
                        "valueName": "new tables/queries/forms/reports",
                        "inputType": "dropdownList",
                        "caption": "Standaardrichting",
                        "id": "L_defaultdirection0"
                    }
                ]
            },
            "name": "L_Defaultdirection",
            "displayName": "Standaardrichting",
            "explainText": "Hiermee geeft u de standaardtekstrichting van links naar rechts op.",
            "tags": [
                "L_International",
                "L_ApplicationSettings",
                "L_MicrosoftOfficeaccess"
            ],
            "application": "access16",
            "key": "software\\microsoft\\office\\16.0\\access\\settings"
        },
        {
            "parentCategory": {
                "ref": "L_International"
            },
            "supportedOn": {
                "ref": "windows:SUPPORTED_Windows7"
            },
            "elements": {
                "items": [
                    {
                        "item": [
                            {
                                "value": {
                                    "decimal": {
                                        "value": 0
                                    }
                                },
                                "displayName": "Interfacemodus"
                            },
                            {
                                "value": {
                                    "decimal": {
                                        "value": 1
                                    }
                                },
                                "displayName": "Tekstmodus"
                            }
                        ],
                        "valueName": "general alignment",
                        "inputType": "dropdownList",
                        "caption": "Algemene uitlijning",
                        "id": "L_generalalignment1"
                    }
                ]
            },
            "name": "L_GeneralAlignment",
            "displayName": "Algemene uitlijning",
            "explainText": "Hiermee geeft u de standaardtekstuitlijning op.",
            "tags": [
                "L_International",
                "L_ApplicationSettings",
                "L_MicrosoftOfficeaccess"
            ],
            "application": "access16",
            "key": "software\\microsoft\\office\\16.0\\access\\settings"
        },
        {
            "parentCategory": {
                "ref": "L_International"
            },
            "supportedOn": {
                "ref": "windows:SUPPORTED_Windows7"
            },
            "elements": {
                "items": [
                    {
                        "item": [
                            {
                                "value": {
                                    "decimal": {
                                        "value": 0
                                    }
                                },
                                "displayName": "Logisch"
                            },
                            {
                                "value": {
                                    "decimal": {
                                        "value": 1
                                    }
                                },
                                "displayName": "Visueel"
                            }
                        ],
                        "valueName": "cursor",
                        "inputType": "dropdownList",
                        "caption": "Cursorverplaatsing",
                        "id": "L_cursormovement2"
                    }
                ]
            },
            "name": "L_Cursormovement",
            "displayName": "Cursorverplaatsing",
            "explainText": "Hiermee geeft u de standaardmodus voor cursorverplaatsing op.",
            "tags": [
                "L_International",
                "L_ApplicationSettings",
                "L_MicrosoftOfficeaccess"
            ],
            "application": "access16",
            "key": "software\\microsoft\\office\\16.0\\access\\settings"
        },
        {
            "parentCategory": {
                "ref": "L_General"
            },
            "supportedOn": {
                "ref": "windows:SUPPORTED_Windows7"
            },
            "elements": {
                "items": [
                    {
                        "item": [
                            {
                                "value": {
                                    "decimal": {
                                        "value": 0
                                    }
                                },
                                "displayName": "Zwart"
                            },
                            {
                                "value": {
                                    "decimal": {
                                        "value": 1
                                    }
                                },
                                "displayName": "Kastanjebruin"
                            },
                            {
                                "value": {
                                    "decimal": {
                                        "value": 2
                                    }
                                },
                                "displayName": "Groen"
                            },
                            {
                                "value": {
                                    "decimal": {
                                        "value": 3
                                    }
                                },
                                "displayName": "Olijfgroen"
                            },
                            {
                                "value": {
                                    "decimal": {
                                        "value": 4
                                    }
                                },
                                "displayName": "Donkerblauw"
                            },
                            {
                                "value": {
                                    "decimal": {
                                        "value": 5
                                    }
                                },
                                "displayName": "Violet"
                            },
                            {
                                "value": {
                                    "decimal": {
                                        "value": 6
                                    }
                                },
                                "displayName": "Groenblauw"
                            },
                            {
                                "value": {
                                    "decimal": {
                                        "value": 7
                                    }
                                },
                                "displayName": "Grijs"
                            },
                            {
                                "value": {
                                    "decimal": {
                                        "value": 8
                                    }
                                },
                                "displayName": "Zilver"
                            },
                            {
                                "value": {
                                    "decimal": {
                                        "value": 9
                                    }
                                },
                                "displayName": "Rood"
                            },
                            {
                                "value": {
                                    "decimal": {
                                        "value": 10
                                    }
                                },
                                "displayName": "Heldergroen"
                            },
                            {
                                "value": {
                                    "decimal": {
                                        "value": 11
                                    }
                                },
                                "displayName": "Geel"
                            },
                            {
                                "value": {
                                    "decimal": {
                                        "value": 12
                                    }
                                },
                                "displayName": "Blauw"
                            },
                            {
                                "value": {
                                    "decimal": {
                                        "value": 13
                                    }
                                },
                                "displayName": "Fuchsiapaars"
                            },
                            {
                                "value": {
                                    "decimal": {
                                        "value": 14
                                    }
                                },
                                "displayName": "Zeeblauw"
                            },
                            {
                                "value": {
                                    "decimal": {
                                        "value": 15
                                    }
                                },
                                "displayName": "Wit"
                            }
                        ],
                        "valueName": "hyperlinkcolor",
                        "inputType": "dropdownList",
                        "caption": "Hyperlinkkleur",
                        "id": "L_hyperlinkcolor3"
                    }
                ]
            },
            "name": "L_Hyperlinkcolor",
            "displayName": "Hyperlinkkleur",
            "explainText": "Geeft de standaardtekstkleur voor hyperlinks aan.",
            "tags": [
                "L_General",
                "L_WebOptions",
                "L_ApplicationSettings",
                "L_MicrosoftOfficeaccess"
            ],
            "application": "access16",
            "key": "software\\microsoft\\office\\16.0\\access\\internet"
        },
        {
            "parentCategory": {
                "ref": "L_General"
            },
            "supportedOn": {
                "ref": "windows:SUPPORTED_Windows7"
            },
            "elements": {
                "items": [
                    {
                        "item": [
                            {
                                "value": {
                                    "decimal": {
                                        "value": 0
                                    }
                                },
                                "displayName": "Zwart"
                            },
                            {
                                "value": {
                                    "decimal": {
                                        "value": 1
                                    }
                                },
                                "displayName": "Kastanjebruin"
                            },
                            {
                                "value": {
                                    "decimal": {
                                        "value": 2
                                    }
                                },
                                "displayName": "Groen"
                            },
                            {
                                "value": {
                                    "decimal": {
                                        "value": 3
                                    }
                                },
                                "displayName": "Olijfgroen"
                            },
                            {
                                "value": {
                                    "decimal": {
                                        "value": 4
                                    }
                                },
                                "displayName": "Donkerblauw"
                            },
                            {
                                "value": {
                                    "decimal": {
                                        "value": 5
                                    }
                                },
                                "displayName": "Violet"
                            },
                            {
                                "value": {
                                    "decimal": {
                                        "value": 6
                                    }
                                },
                                "displayName": "Groenblauw"
                            },
                            {
                                "value": {
                                    "decimal": {
                                        "value": 7
                                    }
                                },
                                "displayName": "Grijs"
                            },
                            {
                                "value": {
                                    "decimal": {
                                        "value": 8
                                    }
                                },
                                "displayName": "Zilver"
                            },
                            {
                                "value": {
                                    "decimal": {
                                        "value": 9
                                    }
                                },
                                "displayName": "Rood"
                            },
                            {
                                "value": {
                                    "decimal": {
                                        "value": 10
                                    }
                                },
                                "displayName": "Heldergroen"
                            },
                            {
                                "value": {
                                    "decimal": {
                                        "value": 11
                                    }
                                },
                                "displayName": "Geel"
                            },
                            {
                                "value": {
                                    "decimal": {
                                        "value": 12
                                    }
                                },
                                "displayName": "Blauw"
                            },
                            {
                                "value": {
                                    "decimal": {
                                        "value": 13
                                    }
                                },
                                "displayName": "Fuchsiapaars"
                            },
                            {
                                "value": {
                                    "decimal": {
                                        "value": 14
                                    }
                                },
                                "displayName": "Zeeblauw"
                            },
                            {
                                "value": {
                                    "decimal": {
                                        "value": 15
                                    }
                                },
                                "displayName": "Wit"
                            }
                        ],
                        "valueName": "followedhyperlinkcolor",
                        "inputType": "dropdownList",
                        "caption": "Kleur voor gevolgde hyperlink",
                        "id": "L_followedhyperlinkcolor4"
                    }
                ]
            },
            "name": "L_Followedhyperlinkcolor",
            "displayName": "Kleur voor gevolgde hyperlink",
            "explainText": "Hiermee geeft u de standaardtekstkleur van gevolgde hyperlinks op.",
            "tags": [
                "L_General",
                "L_WebOptions",
                "L_ApplicationSettings",
                "L_MicrosoftOfficeaccess"
            ],
            "application": "access16",
            "key": "software\\microsoft\\office\\16.0\\access\\internet"
        },
        {
            "parentCategory": {
                "ref": "L_General"
            },
            "supportedOn": {
                "ref": "windows:SUPPORTED_Windows7"
            },
            "enabledValue": {
                "decimal": {
                    "value": 0
                }
            },
            "disabledValue": {
                "decimal": {
                    "value": 1
                }
            },
            "name": "L_Underlinehyperlinks",
            "displayName": "Hyperlinks onderstrepen",
            "explainText":"Met deze beleidsinstelling kunt u bepalen of hyperlinks in Access-tabellen, query's, formulieren en rapporten worden onderstreept. \n      \nAls u deze beleidsinstelling inschakelt, worden alle hyperlinks die in tabellen, query's, formulieren en rapporten worden gemaakt, onderstreept, waarbij eventuele configuratiewijzigingen op de computers van de gebruikers worden overschreven. \n      \nAls u deze beleidsinstelling uitschakelt, worden hyperlinks in tabellen, query's, formulieren en rapporten niet onderstreept in Access. \n      \nAls u deze beleidsinstelling niet configureert, worden hyperlinks in tabellen, query's, formulieren en rapporten in Access onderstreept. \n      \nAls u deze beleidsinstelling inschakelt, wordt de standaardconfiguratie in Access afgedwongen, en het is dus onwaarschijnlijk dat dit voor de meeste gebruikers een aanzienlijk probleem met de gebruiksvriendelijkheid veroorzaakt. Als deze configuratie wordt gewijzigd, zouden gebruikers op gevaarlijke hyperlinks kunnen klikken zonder zich dit te realiseren, wat een beveiligingsrisico kan inhouden.",
            "tags": [
                "L_General",
                "L_WebOptions",
                "L_ApplicationSettings",
                "L_MicrosoftOfficeaccess"
            ],
            "application": "access16",
            "key": "software\\microsoft\\office\\16.0\\access\\internet",
            "valueName": "donotunderlinehyperlinks"
        },
        {
            "parentCategory": {
                "ref": "L_general5"
            },
            "supportedOn": {
                "ref": "windows:SUPPORTED_Windows7"
            },
            "elements": {
                "items": [
                    {
                        "valueName": "max display",
                        "minValue": 0,
                        "minValueSpecified": true,
                        "maxValue": 50,
                        "maxValueSpecified": true,
                        "inputType": "decimalTextBox",
                        "caption": "Aantal items: ",
                        "id": "L_Numberofentries"
                    }
                ]
            },
            "name": "L_Recentlyusedfilelist",
            "displayName": "Aantal bestanden in de lijst Recent",
            "explainText":"Deze beleidsinstelling geeft het aantal vermeldingen aan dat wordt weergegeven in de lijst met recente items die wordt weergegeven wanneer gebruikers in de backstageweergave op het tabblad Bestand op Openen klikken.  \n\nAls u deze beleidsinstelling inschakelt, kunt u het aantal vermeldingen opgeven tussen 0 en 50. Als u het getal instelt op 0, worden alle vastgemaakte en niet-vastgemaakte items verborgen.\n\nAls u deze beleidsinstelling uitschakelt of niet configureert, worden er maximaal 25 items weergegeven in de lijst Recent.\n\nOpmerking: als u helemaal wilt voorkomen dat er items aan de recente lijst worden toegevoegd, kunt u de Windows-beleidsinstelling 'Geschiedenis van recentelijk geopende documenten niet bijhouden' inschakelen.",
            "tags": [
                "L_general5",
                "L_ApplicationSettings",
                "L_MicrosoftOfficeaccess"
            ],
            "application": "access16",
            "key": "software\\microsoft\\office\\16.0\\access\\file mru"
        },
        {
            "parentCategory": {
                "ref": "L_general5"
            },
            "supportedOn": {
                "ref": "windows:SUPPORTED_Windows7"
            },
            "elements": {
                "items": [
                    {
                        "valueName": "max display",
                        "minValue": 0,
                        "minValueSpecified": true,
                        "maxValue": 20,
                        "maxValueSpecified": true,
                        "inputType": "decimalTextBox",
                        "caption": "Aantal mappen: ",
                        "id": "L_SetNumberOfPlacesInTheRecentPlacesListSpinID"
                    }
                ]
            },
            "name": "L_SetNumberOfPlacesInTheRecentPlacesList",
            "displayName": "Aantal mappen in de lijst met recente mappen",
            "explainText":"Met deze beleidsinstelling geeft u het aantal niet-vastgemaakte vermeldingen op dat wordt weergegeven in de lijst met recent gebruikte mappen die wordt weergegeven wanneer gebruikers in de backstageweergave op het tabblad Bestand op Openen of Opslaan als klikken.\n\nAls u deze beleidsinstelling inschakelt, kunt u 0–20 opgeven voor het aantal niet-vastgemaakte vermeldingen. Als u het getal instelt op 0, worden alle vastgemaakte en niet-vastgemaakte items verborgen.\n\nAls u deze beleidsinstelling uitschakelt of niet configureert, worden maximaal 5 niet-vastgemaakte items weergegeven in de lijst met recente mappen.\n\nOpmerking: als u helemaal wilt voorkomen dat er items worden toegevoegd aan de lijst met recente mappen, kunt u de Windows-beleidsinstelling 'Geschiedenis van recentelijk geopende documenten niet bijhouden' inschakelen.",
            "tags": [
                "L_general5",
                "L_ApplicationSettings",
                "L_MicrosoftOfficeaccess"
            ],
            "application": "access16",
            "key": "software\\microsoft\\office\\16.0\\access\\place mru"
        },
        {
            "parentCategory": {
                "ref": "L_general5"
            },
            "supportedOn": {
                "ref": "windows:SUPPORTED_Windows7"
            },
            "elements": {
                "items": [
                    {
                        "valueName": "default database directory",
                        "requiredSpecified": false,
                        "expandableSpecified": false,
                        "maxLengthSpecified": false,
                        "inputType": "textBox",
                        "caption": "Standaarddatabasemap",
                        "id": "L_defaultdatabasefolder6"
                    }
                ]
            },
            "name": "L_Defaultdatabasefolder",
            "displayName": "Standaarddatabasemap",
            "explainText": "Hiermee geeft u de standaardwerkmap op.",
            "tags": [
                "L_general5",
                "L_ApplicationSettings",
                "L_MicrosoftOfficeaccess"
            ],
            "application": "access16",
            "key": "software\\microsoft\\office\\16.0\\access\\settings"
        },
        {
            "parentCategory": {
                "ref": "L_Cryptography"
            },
            "supportedOn": {
                "ref": "windows:SUPPORTED_Windows7"
            },
            "elements": {
                "items": [
                    {
                        "valueName": "cipheralgorithm",
                        "required": true,
                        "requiredSpecified": true,
                        "expandableSpecified": false,
                        "maxLengthSpecified": false,
                        "inputType": "textBox",
                        "caption": "CNG-versleutelingsalgoritme:",
                        "id": "L_SetCNGCipherAlgorithmID"
                    }
                ]
            },
            "name": "L_SetCNGCipherAlgorithm",
            "displayName": "CNG-versleutelingsalgoritme instellen",
            "explainText": "Met deze beleidsinstelling kunt u het CNG-versleutelingsalgoritme configureren dat wordt gebruikt.\n\nAls u deze beleidsinstelling inschakelt, wordt de opgegeven code gebruikt als het een ondersteund algoritme is.\n\nAls u deze beleidsinstelling uitschakelt of niet configureert, wordt AES gebruikt.",
            "tags": [
                "L_Cryptography",
                "L_Security",
                "L_ApplicationSettings",
                "L_MicrosoftOfficeaccess"
            ],
            "application": "access16",
            "key": "software\\microsoft\\office\\16.0\\access\\security\\crypto"
        },
        {
            "parentCategory": {
                "ref": "L_Cryptography"
            },
            "supportedOn": {
                "ref": "windows:SUPPORTED_Windows7"
            },
            "elements": {
                "items": [
                    {
                        "item": [
                            {
                                "value": {
                                    "string": "ChainingModeCBC"
                                },
                                "displayName": "CBC (Cipher Block Chaining)"
                            },
                            {
                                "value": {
                                    "string": "ChainingModeCFB"
                                },
                                "displayName": "Cipher Feedback (CFB)"
                            }
                        ],
                        "valueName": "cipherchaining",
                        "inputType": "dropdownList",
                        "id": "L_ConfigureCNGCipherChainingModeDropID"
                    }
                ]
            },
            "name": "L_ConfigureCNGCipherChainingMode",
            "displayName": "CNG-versleutelingsketenmodus configureren",
            "explainText": "Met deze beleidsinstelling kunt u de gebruikte versleutelingketenmodus configureren.\n\nAls u deze beleidsinstelling inschakelt, wordt de opgegeven versleutelingsketenmodus toegepast.\n\nAls u deze beleidsinstelling uitschakelt of niet configureert, wordt CBC (Cipher Block Chaining) gebruikt als de standaardketenmodus voor CNG-versleuteling.",
            "tags": [
                "L_Cryptography",
                "L_Security",
                "L_ApplicationSettings",
                "L_MicrosoftOfficeaccess"
            ],
            "application": "access16",
            "key": "software\\microsoft\\office\\16.0\\access\\security\\crypto"
        },
        {
            "parentCategory": {
                "ref": "L_Cryptography"
            },
            "supportedOn": {
                "ref": "windows:SUPPORTED_Windows7"
            },
            "elements": {
                "items": [
                    {
                        "valueName": "cipherkeybits",
                        "minValue": 0,
                        "minValueSpecified": true,
                        "maxValue": 1000000,
                        "maxValueSpecified": true,
                        "inputType": "decimalTextBox",
                        "caption": "Lengte van coderingssleutel",
                        "id": "L_SetCNGCipherKeyLengthSpinID"
                    }
                ]
            },
            "name": "L_SetCNGCipherKeyLength",
            "displayName": "Lengte CNG-coderingssleutel instellen",
            "explainText": "Met deze beleidsinstelling kunt u het aantal bits configureren dat moet worden gebruikt bij het maken van de coderingssleutel.  Dit getal wordt naar beneden afgerond op een veelvoud van 8.\n\nAls u deze beleidsinstelling inschakelt, wordt het opgegeven aantal sleutelbits gebruikt.\n\nAls u deze beleidsinstelling uitschakelt of niet configureert, wordt de standaardwaarde gebruikt.",
            "tags": [
                "L_Cryptography",
                "L_Security",
                "L_ApplicationSettings",
                "L_MicrosoftOfficeaccess"
            ],
            "application": "access16",
            "key": "software\\microsoft\\office\\16.0\\access\\security\\crypto"
        },
        {
            "parentCategory": {
                "ref": "L_Cryptography"
            },
            "supportedOn": {
                "ref": "windows:SUPPORTED_Windows7"
            },
            "elements": {
                "items": [
                    {
                        "item": [
                            {
                                "value": {
                                    "decimal": {
                                        "value": 0
                                    }
                                },
                                "displayName": "Oude indeling gebruiken"
                            },
                            {
                                "value": {
                                    "decimal": {
                                        "value": 1
                                    }
                                },
                                "displayName": "Next Generation-indeling gebruiken"
                            },
                            {
                                "value": {
                                    "decimal": {
                                        "value": 2
                                    }
                                },
                                "displayName": "Alle bestanden opslaan met de Next Generation-indeling"
                            }
                        ],
                        "valueName": "compatmode",
                        "inputType": "dropdownList",
                        "id": "L_SpecifyEncryptionCompatibilityDropID"
                    }
                ]
            },
            "name": "L_SpecifyEncryptionCompatibility",
            "displayName": "Versleutelingscompatibiliteit opgeven",
            "explainText":"Met deze beleidsinstelling kunt u de compatibiliteit van de versleutelde database opgeven.\n\nAls u deze beleidsinstelling inschakelt, wordt de opgegeven compatibiliteitsindeling toegepast bij het versleutelen van nieuwe bestanden\n- Oude indeling gebruiken\n- Next Generation-indeling gebruiken\n- Alle bestanden opslaan met de Next Generation-indeling\n\nAls u deze beleidsinstelling uitschakelt of niet configureert, wordt de standaardinstelling 'Next Generation-indeling gebruiken' toegepast.",
            "tags": [
                "L_Cryptography",
                "L_Security",
                "L_ApplicationSettings",
                "L_MicrosoftOfficeaccess"
            ],
            "application": "access16",
            "key": "software\\microsoft\\office\\16.0\\access\\security\\crypto"
        },
        {
            "parentCategory": {
                "ref": "L_Cryptography"
            },
            "supportedOn": {
                "ref": "windows:SUPPORTED_Windows7"
            },
            "elements": {
                "items": [
                    {
                        "valueName": "context",
                        "required": true,
                        "requiredSpecified": true,
                        "expandableSpecified": false,
                        "maxLengthSpecified": false,
                        "inputType": "textBox",
                        "caption": "Parameters",
                        "id": "L_SetParametersForCNGContextID"
                    }
                ]
            },
            "name": "L_SetParametersForCNGContext",
            "displayName": "Parameters voor CNG-context instellen",
            "explainText": "Met deze beleidsinstelling kunt u de versleutelingsparameters opgeven die moeten worden gebruikt voor de CNG-context. \n\nAls u deze beleidsinstelling inschakelt, worden de opgegeven parameters doorgegeven aan de CNG-context.\n\nAls u deze beleidsinstelling uitschakelt of niet configureert, worden de standaard-CNG-waarden gebruikt.",
            "tags": [
                "L_Cryptography",
                "L_Security",
                "L_ApplicationSettings",
                "L_MicrosoftOfficeaccess"
            ],
            "application": "access16",
            "key": "software\\microsoft\\office\\16.0\\access\\security\\crypto"
        },
        {
            "parentCategory": {
                "ref": "L_Cryptography"
            },
            "supportedOn": {
                "ref": "windows:SUPPORTED_Windows7"
            },
            "elements": {
                "items": [
                    {
                        "item": [
                            {
                                "value": {
                                    "string": "SHA1"
                                },
                                "displayName": "SHA1"
                            },
                            {
                                "value": {
                                    "string": "SHA256"
                                },
                                "displayName": "SHA256"
                            },
                            {
                                "value": {
                                    "string": "SHA384"
                                },
                                "displayName": "SHA384"
                            },
                            {
                                "value": {
                                    "string": "SHA512"
                                },
                                "displayName": "SHA512"
                            }
                        ],
                        "valueName": "hashalgorithm",
                        "inputType": "dropdownList",
                        "id": "L_SpecifyCNGHashAlgorithmDropID"
                    }
                ]
            },
            "name": "L_SpecifyCNGHashAlgorithm",
            "displayName": "CNG-hash-algoritme opgeven",
            "explainText": "Met deze beleidsinstelling kunt u het gebruikte hash-algoritme opgeven.\n\nAls u deze beleidsinstelling inschakelt, wordt het geselecteerde hash-algoritme gebruikt door CNG.\n\nAls u deze beleidsinstelling uitschakelt of niet configureert, wordt het standaard-CNG-hash-algoritme gebruikt.",
            "tags": [
                "L_Cryptography",
                "L_Security",
                "L_ApplicationSettings",
                "L_MicrosoftOfficeaccess"
            ],
            "application": "access16",
            "key": "software\\microsoft\\office\\16.0\\access\\security\\crypto"
        },
        {
            "parentCategory": {
                "ref": "L_Cryptography"
            },
            "supportedOn": {
                "ref": "windows:SUPPORTED_Windows7"
            },
            "elements": {
                "items": [
                    {
                        "valueName": "passwordspincount",
                        "minValue": 0,
                        "minValueSpecified": true,
                        "maxValue": 10000000,
                        "maxValueSpecified": true,
                        "inputType": "decimalTextBox",
                        "id": "L_SetCNGPasswordSpinCountSpinID"
                    }
                ]
            },
            "name": "L_SetCNGPasswordSpinCount",
            "displayName": "Aantal omwentelingen voor CNG-wachtwoord instellen",
            "explainText": "Met deze beleidsinstelling kunt u het aantal keren opgeven dat de wachtwoordcontrole moet worden gedraaid (opnieuw gehasht).\n\nAls u deze beleidsinstelling inschakelt, wordt het wachtwoord het opgegeven aantal keren opnieuw gehasht.\n\nAls u deze beleidsinstelling uitschakelt of niet configureert, wordt de standaardwaarde (100000) gebruikt.",
            "tags": [
                "L_Cryptography",
                "L_Security",
                "L_ApplicationSettings",
                "L_MicrosoftOfficeaccess"
            ],
            "application": "access16",
            "key": "software\\microsoft\\office\\16.0\\access\\security\\crypto"
        },
        {
            "parentCategory": {
                "ref": "L_Cryptography"
            },
            "supportedOn": {
                "ref": "windows:SUPPORTED_Windows7"
            },
            "elements": {
                "items": [
                    {
                        "valueName": "rngalgorithm",
                        "required": true,
                        "requiredSpecified": true,
                        "expandableSpecified": false,
                        "maxLengthSpecified": false,
                        "inputType": "textBox",
                        "caption": "Generator van willekeurige getallen:",
                        "id": "L_SpecifyCNGRandomNumberGeneratorAlgorithmID"
                    }
                ]
            },
            "name": "L_SpecifyCNGRandomNumberGeneratorAlgorithm",
            "displayName": "Algoritme voor het genereren van willekeurige getallen voor CNG opgeven",
            "explainText": "Met deze beleidsinstelling kunt u generator voor willekeurige getallen configureren die moet worden gebruikt voor CNG.\n\nAls u deze beleidsinstelling inschakelt, wordt de opgegeven generator voor willekeurige getallen gebruikt.\n\nAls u deze beleidsinstelling uitschakelt of niet configureert, wordt de standaardgenerator voor willekeurige getallen gebruikt.",
            "tags": [
                "L_Cryptography",
                "L_Security",
                "L_ApplicationSettings",
                "L_MicrosoftOfficeaccess"
            ],
            "application": "access16",
            "key": "software\\microsoft\\office\\16.0\\access\\security\\crypto"
        },
        {
            "parentCategory": {
                "ref": "L_Cryptography"
            },
            "supportedOn": {
                "ref": "windows:SUPPORTED_Windows7"
            },
            "elements": {
                "items": [
                    {
                        "valueName": "saltbytes",
                        "minValue": 0,
                        "minValueSpecified": true,
                        "maxValue": 5000,
                        "maxValueSpecified": true,
                        "inputType": "decimalTextBox",
                        "caption": "Aantal bytes",
                        "id": "L_SpecifyCNGSaltLengthSpinID"
                    }
                ]
            },
            "name": "L_SpecifyCNGSaltLength",
            "displayName": "CNG-salt-lengte opgeven",
            "explainText": "Met deze beleidsinstelling kunt u het aantal salt-bytes opgeven dat moet worden gebruikt.\n\nAls u deze beleidsinstelling inschakelt, wordt het opgegeven aantal bytes gebruikt.\n\nAls u deze beleidsinstelling uitschakelt of niet configureert, wordt de standaardgrootte 16 gebruikt.",
            "tags": [
                "L_Cryptography",
                "L_Security",
                "L_ApplicationSettings",
                "L_MicrosoftOfficeaccess"
            ],
            "application": "access16",
            "key": "software\\microsoft\\office\\16.0\\access\\security\\crypto"
        },
        {
            "parentCategory": {
                "ref": "L_TrustCenter"
            },
            "supportedOn": {
                "ref": "windows:SUPPORTED_Windows7"
            },
            "elements": {
                "items": [
                    {
                        "valueName": "maxtrusteddocuments",
                        "minValue": 0,
                        "minValueSpecified": true,
                        "maxValue": 20000,
                        "maxValueSpecified": true,
                        "inputType": "decimalTextBox",
                        "caption": "Maximum aantal:",
                        "id": "L_SetMaximumNumberOfTrustedDocumentsSpinID"
                    }
                ]
            },
            "name": "L_SetMaximumNumberOfTrustedDocuments",
            "displayName": "Maximum aantal vertrouwde documenten instellen",
            "explainText":"Met deze beleidsinstelling kunt u het maximum aantal vertrouwensrecords voor vertrouwde documenten opgeven dat in het register kan worden opgeslagen voordat ze worden opgeschoond. Met de opschoontaak wordt het aantal vertrouwde documenten dat in het register is opgeslagen, beperkt tot de waarde die is ingesteld met de beleidsinstelling 'Maximum aantal te behouden vertrouwensrecords'.\n\nAls u deze beleidsinstelling inschakelt, kunt u het maximum aantal vertrouwde documenten opgeven dat mag worden opgeslagen in het register voordat ze worden opgeschoond, met een maximum van 20.000 documenten. Om redenen van prestaties wordt het niet aanbevolen deze beleidsinstelling in te stellen op de bovengrens.\n\nAls u deze beleidsinstelling uitschakelt of niet configureert, wordt de standaardwaarde van 500 gebruikt voor het maximum aantal vertrouwde documenten dat in het register kan worden opgeslagen voordat ze worden opgeschoond.",
            "tags": [
                "L_TrustCenter",
                "L_Security",
                "L_ApplicationSettings",
                "L_MicrosoftOfficeaccess"
            ],
            "application": "access16",
            "key": "software\\microsoft\\office\\16.0\\access\\security\\trusted documents"
        },
        {
            "parentCategory": {
                "ref": "L_TrustCenter"
            },
            "supportedOn": {
                "ref": "windows:SUPPORTED_Windows7"
            },
            "elements": {
                "items": [
                    {
                        "valueName": "maxpreservetrusteddocuments",
                        "minValue": 0,
                        "minValueSpecified": true,
                        "maxValue": 20000,
                        "maxValueSpecified": true,
                        "inputType": "decimalTextBox",
                        "caption": "Maximaal te bewaren:",
                        "id": "L_SetMaximumNumberOfTrustRecordsToPreserveSpinID"
                    }
                ]
            },
            "name": "L_SetMaximumNumberOfTrustRecordsToPreserve",
            "displayName": "Maximum aantal te behouden vertrouwensrecords instellen",
            "explainText":"Met deze beleidsinstelling kunt u het maximum aantal vertrouwensrecords opgeven dat behouden moet blijven wanneer de opschoontaak detecteert dat deze toepassing meer documenten heeft vertrouwd dan het aantal vertrouwde documenten dat is ingesteld met de beleidsinstelling 'Maximum aantal vertrouwde documenten instellen'.\n\nAls u deze beleidsinstelling inschakelt, kunt u het maximum aantal vertrouwensrecords opgeven dat moet worden behouden, met een bovengrens van 20000.  Om prestatieredenen wordt afgeraden dit in te stellen op de bovengrens.\n\nAls u deze beleidsinstelling uitschakelt of niet configureert, wordt de standaardwaarde 400 gebruikt.",
            "tags": [
                "L_TrustCenter",
                "L_Security",
                "L_ApplicationSettings",
                "L_MicrosoftOfficeaccess"
            ],
            "application": "access16",
            "key": "software\\microsoft\\office\\16.0\\access\\security\\trusted documents"
        },
        {
            "parentCategory": {
                "ref": "L_TrustCenter"
            },
            "supportedOn": {
                "ref": "windows:SUPPORTED_Windows7"
            },
            "elements": {
                "items": [
                    {
                        "item": [
                            {
                                "value": {
                                    "decimal": {
                                        "value": 2
                                    }
                                },
                                "displayName":"Alle macro's uitschakelen met melding"
                            },
                            {
                                "value": {
                                    "decimal": {
                                        "value": 3
                                    }
                                },
                                "displayName":"Alle macro's uitschakelen, met uitzondering van digitaal ondertekend"
                            },
                            {
                                "value": {
                                    "decimal": {
                                        "value": 4
                                    }
                                },
                                "displayName":"Alle macro's zonder melding uitschakelen"
                            },
                            {
                                "value": {
                                    "decimal": {
                                        "value": 1
                                    }
                                },
                                "displayName":"Alle macro's inschakelen (niet aanbevolen)"
                            }
                        ],
                        "valueName": "vbawarnings",
                        "inputType": "dropdownList",
                        "id": "L_Empty"
                    }
                ]
            },
            "name": "L_VBAWarningsPolicy",
            "displayName": "Instellingen voor VBA-macro meldingen",
            "explainText":"Met deze beleidsinstelling kunt u bepalen hoe de opgegeven toepassingen gebruikers waarschuwen wanneer er VBA-macro's (Visual Basic for Applications) aanwezig zijn.\n\nAls u deze beleidsinstelling inschakelt, kunt u kiezen uit vier opties om te bepalen hoe de gebruiker door de opgegeven toepassingen wordt gewaarschuwd voor macro's:\n \n- Alle macro's uitschakelen met melding: in de toepassing wordt de vertrouwensbalk weergegeven voor alle macro's, ongeacht of deze zijn ondertekend of niet. Met deze optie wordt de standaardconfiguratie in Office afgedwongen.\n \n- Alle macro's uitschakelen, met uitzondering van digitaal ondertekende macro's: de vertrouwensbalk wordt weergegeven voor digitaal ondertekende macro's, zodat gebruikers ze kunnen inschakelen of hun uitgeschakeld kunnen laten. Niet-ondertekende macro's worden uitgeschakeld en gebruikers krijgen geen melding.\n \n- Alle macro's zonder melding uitschakelen: alle macro's worden uitgeschakeld, of ze zijn ondertekend of niet, en gebruikers krijgen geen melding.\n \n- Alle macro's inschakelen (niet aanbevolen): alle macro's worden ingeschakeld, of ze zijn ondertekend of niet. Deze optie kan de beveiliging aanzienlijk verslechteren, omdat schadelijke code kan worden uitgevoerd zonder dat dit wordt gedetecteerd.\n \nAls u deze beleidsinstelling uitschakelt, wordt 'Alle macro's uitschakelen met melding' de standaardinstelling.\n \nAls u deze beleidsinstelling niet configureert en gebruikers in de opgegeven toepassingen bestanden openen die VBA-macro's bevatten, worden de bestanden geopend met uitgeschakelde macro's en wordt de vertrouwensbalk weergegeven met een waarschuwing dat er macro's aanwezig zijn en zijn uitgeschakeld. Gebruikers kunnen de bestanden bekijken en bewerken, indien van toepassing, maar kunnen geen uitgeschakelde functies gebruiken totdat ze die inschakelen door op de vertrouwensbalk op 'Inhoud inschakelen' te klikken.  Als de gebruiker op 'Inhoud inschakelen' klikt, wordt het document toegevoegd als vertrouwd document.\n \nBelangrijk: als 'Alle macro's uitschakelen, met uitzondering van digitaal ondertekende macro's' is geselecteerd, kunnen gebruikers geen niet-ondertekende Access-databases openen.\n \nHoud er ook rekening mee dat in Microsoft Office certificaten voor vertrouwde uitgevers worden opgeslagen in het archief Vertrouwde uitgevers van Internet Explorer. In eerdere versies van Microsoft Office werden certificaatgegevens van vertrouwde uitgevers (met name de certificaatvingerafdruk) opgeslagen in een speciaal Office-archief met vertrouwde uitgevers. Microsoft Office leest de certificaatgegevens van vertrouwde uitgevers nog steeds uit het Office-archief met vertrouwde uitgevers, maar schrijft geen gegevens naar dit archief.\n \nAls u een lijst met vertrouwde uitgevers hebt gemaakt in een vorige versie van Microsoft Office en u een upgrade naar Office uitvoert, wordt de lijst met vertrouwde uitgevers dus nog steeds herkend. Alle vertrouwde uitgeverscertificaten die u aan de lijst toevoegt, worden echter opgeslagen in het archief met vertrouwde uitgevers van Internet Explorer.",
            "tags": [
                "L_TrustCenter",
                "L_Security",
                "L_ApplicationSettings",
                "L_MicrosoftOfficeaccess"
            ],
            "application": "access16",
            "key": "software\\microsoft\\office\\16.0\\access\\security"
        },
        {
            "parentCategory": {
                "ref": "L_TrustCenter"
            },
            "supportedOn": {
                "ref": "windows:SUPPORTED_Windows7"
            },
            "enabledValue": {
                "decimal": {
                    "value": 1
                }
            },
            "disabledValue": {
                "decimal": {
                    "value": 0
                }
            },
            "name": "L_BlockMacroExecutionFromInternet",
            "displayName":"Voorkomen dat macro's worden uitgevoerd in Office-bestanden van internet",
            "explainText":"\n        Met deze beleidsinstelling kunt u voorkomen dat macro's worden uitgevoerd in Office-bestanden die afkomstig zijn van Internet.\n\n        Als u deze beleidsinstelling inschakelt, wordt het uitvoeren van macro's geblokkeerd, zelfs als 'Alle macro's inschakelen' is geselecteerd in de sectie Macro-instellingen van het Vertrouwenscentrum. In plaats van de keuze 'Inhoud inschakelen' krijgen gebruikers ook een melding dat macro's zijn geblokkeerd. Als het Office-bestand is opgeslagen op een vertrouwde locatie of eerder is vertrouwd door de gebruiker, kunnen macro's worden uitgevoerd.\n\n        Als u deze beleidsinstelling uitschakelt of niet configureert, bepalen de instellingen die zijn geconfigureerd in de sectie Macro-instellingen van het Vertrouwenscentrum of macro's worden uitgevoerd in Office-bestanden die afkomstig zijn van internet.\n      ",
            "tags": [
                "L_TrustCenter",
                "L_Security",
                "L_ApplicationSettings",
                "L_MicrosoftOfficeaccess"
            ],
            "application": "access16",
            "key": "software\\microsoft\\office\\16.0\\access\\security",
            "valueName": "blockcontentexecutionfrominternet"
        },
        {
            "parentCategory": {
                "ref": "L_TrustCenter"
            },
            "supportedOn": {
                "ref": "windows:SUPPORTED_Windows7"
            },
            "enabledValue": {
                "decimal": {
                    "value": 1
                }
            },
            "disabledValue": {
                "decimal": {
                    "value": 0
                }
            },
            "name": "L_TurnOffTrustedDocumentsOnTheNetwork",
            "displayName": "Vertrouwde documenten in het netwerk uitschakelen",
            "explainText":"Met deze beleidsinstelling kunt u de functie voor vertrouwde documenten uitschakelen voor documenten die vanaf het netwerk worden geopend.\n\nAls u deze beleidsinstelling inschakelt, zien gebruikers altijd beveiligingsmeldingen voor actieve inhoud, zoals macro's, ActiveX-besturingselementen, gegevensverbindingen, enz. voor documenten die worden geopend vanaf het netwerk.\n\nAls u deze beleidsinstelling uitschakelt of niet configureert, kunnen gebruikers met de functie voor vertrouwde documenten altijd actieve inhoud toestaan in documenten zoals macro's, ActiveX-besturingselementen, gegevensverbindingen, enzovoort, zodat gebruikers de volgende keer dat ze de documenten openen, geen prompt krijgen. Vertrouwde documenten zijn vrijgesteld van beveiligingsmeldingen.",
            "tags": [
                "L_TrustCenter",
                "L_Security",
                "L_ApplicationSettings",
                "L_MicrosoftOfficeaccess"
            ],
            "application": "access16",
            "key": "software\\microsoft\\office\\16.0\\access\\security\\trusted documents",
            "valueName": "disablenetworktrusteddocuments"
        },
        {
            "parentCategory": {
                "ref": "L_TrustCenter"
            },
            "supportedOn": {
                "ref": "windows:SUPPORTED_Windows7"
            },
            "enabledValue": {
                "decimal": {
                    "value": 1
                }
            },
            "disabledValue": {
                "decimal": {
                    "value": 0
                }
            },
            "name": "L_Disableallapplicationextensions",
            "displayName": "Alle invoegtoepassingen uitschakelen",
            "explainText": "Met deze beleidsinstelling worden alle invoegtoepassingen voor de opgegeven Office 2016-toepassingen uitgeschakeld.\n\nAls u deze beleidsinstelling inschakelt, worden alle invoegtoepassingen voor de opgegeven Office 2016-toepassingen uitgeschakeld.\n\nAls u deze beleidsinstelling uitschakelt of niet configureert, kunnen alle invoegtoepassingen voor de opgegeven Office 2016-applicaties worden uitgevoerd zonder dat de gebruikers worden gewaarschuwd.",
            "tags": [
                "L_TrustCenter",
                "L_Security",
                "L_ApplicationSettings",
                "L_MicrosoftOfficeaccess"
            ],
            "application": "access16",
            "key": "software\\microsoft\\office\\16.0\\access\\security",
            "valueName": "disablealladdins"
        },
        {
            "parentCategory": {
                "ref": "L_TrustCenter"
            },
            "supportedOn": {
                "ref": "windows:SUPPORTED_Windows7"
            },
            "enabledValue": {
                "decimal": {
                    "value": 1
                }
            },
            "disabledValue": {
                "decimal": {
                    "value": 0
                }
            },
            "name": "L_RequirethatApplicationExtensionsaresigned",
            "displayName": "Vereisen dat invoegtoepassingen zijn ondertekend door een vertrouwde uitgever",
            "explainText": "Met deze beleidsinstelling wordt bepaald of invoegtoepassingen voor deze toepassingen digitaal moeten zijn ondertekend door een vertrouwde uitgever.\n \nAls u deze beleidsinstelling inschakelt, controleert deze toepassing de digitale handtekening voor elke invoegtoepassing voordat deze wordt geladen. Als een invoegtoepassing geen digitale handtekening heeft of als de handtekening niet afkomstig is van een vertrouwde uitgever, wordt de invoegtoepassing door deze toepassing uitgeschakeld en wordt de gebruiker hiervan op de hoogte gesteld. Certificaten moeten worden toegevoegd aan de lijst met vertrouwde uitgevers als u wilt dat alle invoegtoepassingen worden ondertekend door een vertrouwde uitgever. Zie http://go.microsoft.com/fwlink/?LinkId=294922 voor meer informatie over het verkrijgen en distribueren van certificaten. In Office 2016 worden certificaten voor vertrouwde uitgevers opgeslagen in het archief van vertrouwde uitgevers van Internet Explorer. In eerdere versies van Microsoft Office werden gegevens van vertrouwde uitgeverscertificaten (met name de certificaatvingerafdruk) opgeslagen in een speciaal archief met vertrouwde Office-uitgevers.  Office 2016 leest nog steeds certificaatgegevens van vertrouwde uitgevers uit het archief met vertrouwde uitgevers van Office, maar schrijft geen gegevens naar dit archief. Als u een lijst met vertrouwde uitgevers hebt gemaakt in een vorige versie van Office en u een upgrade naar Office 2016 hebt uitgevoerd, wordt de lijst met vertrouwde uitgevers dus nog steeds herkend. Alle vertrouwde uitgeverscertificaten die u aan de lijst toevoegt, worden echter opgeslagen in het archief met vertrouwde uitgevers van Internet Explorer. Zie de Office Resource Kit voor meer informatie over vertrouwde uitgevers.\n\nAls u deze beleidsinstelling uitschakelt of niet configureert, wordt de digitale handtekening van invoegtoepassingen niet gecontroleerd voordat deze worden geopend. Als een gevaarlijke invoegtoepassing wordt geladen, kan dit schadelijk zijn voor de computers van gebruikers of leiden tot een inbreuk op de gegevensbeveiliging.",
            "tags": [
                "L_TrustCenter",
                "L_Security",
                "L_ApplicationSettings",
                "L_MicrosoftOfficeaccess"
            ],
            "application": "access16",
            "key": "software\\microsoft\\office\\16.0\\access\\security",
            "valueName": "requireaddinsig"
        },
        {
            "parentCategory": {
                "ref": "L_TrustCenter"
            },
            "supportedOn": {
                "ref": "windows:SUPPORTED_Windows7"
            },
            "enabledValue": {
                "decimal": {
                    "value": 1
                }
            },
            "disabledValue": {
                "decimal": {
                    "value": 0
                }
            },
            "name": "L_DisableTrustBarNotificationforunsigned",
            "displayName": "Vertrouwensbalkmelding voor niet-ondertekende invoegtoepassingen uitschakelen en deze blokkeren",
            "explainText":"Deze beleidsinstelling bepaalt of de opgegeven Office-toepassing gebruikers een melding geeft wanneer niet-ondertekende invoegtoepassingen worden geladen of deze invoegtoepassingen zonder melding uitschakelt. Deze beleidsinstelling is alleen van toepassing als u de beleidsinstelling 'Vereisen dat invoegtoepassingen zijn ondertekend door een vertrouwde uitgever' inschakelt, zodat gebruikers deze beleidsinstelling niet kunnen wijzigen.\n\nAls u deze beleidsinstelling inschakelt, worden niet-ondertekende invoegtoepassingen automatisch uitgeschakeld zonder dat gebruikers hiervan op de hoogte worden gesteld.\n \nAls u deze beleidsinstelling uitschakelt en voor deze toepassing is geconfigureerd dat alle invoegtoepassingen moeten worden ondertekend door een vertrouwde uitgever, worden alle niet-ondertekende invoegtoepassingen uitgeschakeld en wordt de vertrouwensbalk boven in het actieve venster weergegeven in de toepassing. De vertrouwensbalk bevat een bericht dat gebruikers op de hoogte stelt van de niet-ondertekende invoegtoepassing.\n\nAls u deze beleidsinstelling niet configureert, is het gedrag voor uitschakelen van toepassing en kunnen gebruikers deze vereiste bovendien zelf configureren in de categorie 'Invoegtoepassingen ' van het Vertrouwenscentrum voor de toepassing.",
            "tags": [
                "L_TrustCenter",
                "L_Security",
                "L_ApplicationSettings",
                "L_MicrosoftOfficeaccess"
            ],
            "application": "access16",
            "key": "software\\microsoft\\office\\16.0\\access\\security",
            "valueName": "notbpromptunsignedaddin"
        },
        {
            "parentCategory": {
                "ref": "L_TrustCenter"
            },
            "supportedOn": {
                "ref": "windows:SUPPORTED_Windows7"
            },
            "enabledValue": {
                "decimal": {
                    "value": 1
                }
            },
            "disabledValue": {
                "decimal": {
                    "value": 0
                }
            },
            "name": "L_TurnOffTrustedDocuments",
            "displayName": "Vertrouwde documenten uitschakelen",
            "explainText":"Met deze beleidsinstelling kunt u de functie voor vertrouwde documenten uitschakelen.  Met de functie voor vertrouwde documenten kunnen gebruikers actieve inhoud in documenten, zoals macro's, ActiveX-besturingselementen, gegevensverbindingen enzovoort, altijd inschakelen, zodat ze geen prompt krijgen wanneer ze de documenten de volgende keer openen.  Vertrouwde documenten zijn vrijgesteld van beveiligingsmeldingen.\n\nAls u deze beleidsinstelling inschakelt, wordt de functie voor vertrouwde documenten uitgeschakeld.  Elke keer dat een document met actieve inhoud wordt geopend, ontvangt de gebruiker een beveiligingsprompt.\n\nAls u deze beleidsinstelling uitschakelt of niet configureert, worden documenten vertrouwd wanneer gebruikers inhoud voor een document inschakelen, en krijgen gebruikers geen beveiligingsprompt.",
            "tags": [
                "L_TrustCenter",
                "L_Security",
                "L_ApplicationSettings",
                "L_MicrosoftOfficeaccess"
            ],
            "application": "access16",
            "key": "software\\microsoft\\office\\16.0\\access\\security\\trusted documents",
            "valueName": "disabletrusteddocuments"
        },
        {
            "parentCategory": {
                "ref": "L_TrustedLocations"
            },
            "supportedOn": {
                "ref": "windows:SUPPORTED_Windows7"
            },
            "enabledValue": {
                "decimal": {
                    "value": 1
                }
            },
            "disabledValue": {
                "decimal": {
                    "value": 0
                }
            },
            "name": "L_AllowTrustedLocationsOnTheNetwork",
            "displayName": "Vertrouwde locaties in het netwerk toestaan",
            "explainText":"Met deze beleidsinstelling wordt bepaald of vertrouwde locaties in het netwerk kunnen worden gebruikt.\n      \nAls u deze beleidsinstelling inschakelt, kunnen gebruikers vertrouwde locaties opgeven op netwerkshares of op andere externe locaties die niet rechtstreeks door hen worden beheerd door het selectievakje 'Vertrouwde locaties in mijn netwerk toestaan (niet aanbevolen)' in te schakelen in de sectie Vertrouwde locaties van het Vertrouwenscentrum. Vanaf vertrouwde locaties kunnen inhoud, code en invoegtoepassingen worden geladen met minimale beveiliging en zonder dat de gebruiker om toestemming wordt gevraagd.\n\nAls u deze beleidsinstelling uitschakelt of niet configureert, negeert de geselecteerde toepassing alle netwerklocaties die worden vermeld in de sectie vertrouwde locaties van het Vertrouwenscentrum. Als u deze beleidsinstelling uitschakelt, worden er geen netwerklocaties verwijderd uit de lijst met vertrouwde locaties. In plaats daarvan wordt de geselecteerde toepassing gedwongen om de locaties te behandelen als niet-vertrouwd en kunnen gebruikers geen nieuwe netwerklocaties toevoegen aan de lijst.\n\nAls u ook vertrouwde locaties implementeert via Groepsbeleid, moet u controleren of daar externe locaties bij zijn. Als er externe locaties bij zijn en u geen externe locaties toestaat via deze beleidsinstelling, worden beleidssleutels die verwijzen naar externe locaties, genegeerd op clientcomputers.\n\nAls u deze beleidsinstelling uitschakelt, veroorzaakt dit verstoring voor gebruikers die netwerklocaties toevoegen aan de lijst met vertrouwde locaties. Het is echter niet aan te bevelen om deze beleidsinstelling in te schakelen (zoals bij het selectievakje 'Vertrouwde locaties in mijn netwerk toestaan (niet aanbevolen)' zelf wordt vermeld), zodat het in de praktijk in de meeste gevallen mogelijk zou moeten zijn deze beleidsinstelling uit te schakelen zonder voor de meeste gebruikers grote gebruiksproblemen te veroorzaken.\n",
            "tags": [
                "L_TrustedLocations",
                "L_TrustCenter",
                "L_Security",
                "L_ApplicationSettings",
                "L_MicrosoftOfficeaccess"
            ],
            "application": "access16",
            "key": "software\\microsoft\\office\\16.0\\access\\security\\trusted locations",
            "valueName": "allownetworklocations"
        },
        {
            "parentCategory": {
                "ref": "L_TrustedLocations"
            },
            "supportedOn": {
                "ref": "windows:SUPPORTED_Windows7"
            },
            "enabledValue": {
                "decimal": {
                    "value": 1
                }
            },
            "disabledValue": {
                "decimal": {
                    "value": 0
                }
            },
            "name": "L_DisableTrustedLoc",
            "displayName": "Alle vertrouwde locaties uitschakelen",
            "explainText": "Met deze beleidsinstelling kunnen beheerders alle vertrouwde locaties in de opgegeven toepassingen uitschakelen. Vertrouwde locaties die zijn opgegeven in het Vertrouwenscentrum worden gebruikt om bestandslocaties te definiëren die worden beschouwd als veilig. Inhoud, code en invoegtoepassingen kunnen vanaf vertrouwde locaties met minimale beveiliging worden geladen, zonder dat de gebruiker om toestemming wordt gevraagd. Als een gevaarlijk bestand wordt geopend vanaf een vertrouwde locatie, zijn er geen standaardbeveiligingsmaatregelen van toepassing en zou het computers of gegevens van gebruikers kunnen beschadigen.\n      \nAls u deze beleidsinstelling inschakelt, worden alle vertrouwde locaties (opgegeven in het Vertrouwenscentrum) in de opgegeven toepassingen genegeerd, inclusief alle vertrouwde locaties die door Office 2016 tijdens de installatie zijn ingesteld, die zijn geïmplementeerd voor gebruikers met behulp van Groepsbeleid of die zijn toegevoegd door gebruikers zelf. Gebruikers krijgen weer een prompt bij het openen van bestanden van vertrouwde locaties.\n\nAls u deze beleidsinstelling uitschakelt of niet configureert, wordt aangenomen dat alle vertrouwde locaties (die in het Vertrouwenscentrum zijn opgegeven) in de opgegeven toepassingen veilig zijn.",
            "tags": [
                "L_TrustedLocations",
                "L_TrustCenter",
                "L_Security",
                "L_ApplicationSettings",
                "L_MicrosoftOfficeaccess"
            ],
            "application": "access16",
            "key": "software\\microsoft\\office\\16.0\\access\\security\\trusted locations",
            "valueName": "alllocationsdisabled"
        },
        {
            "parentCategory": {
                "ref": "L_Miscellaneous"
            },
            "supportedOn": {
                "ref": "windows:SUPPORTED_Windows7"
            },
            "elements": {
                "items": [
                    {
                        "item": [
                            {
                                "value": {
                                    "decimal": {
                                        "value": 12
                                    }
                                },
                                "displayName": "Access 2007"
                            },
                            {
                                "value": {
                                    "decimal": {
                                        "value": 10
                                    }
                                },
                                "displayName": "Access 2002-2003"
                            },
                            {
                                "value": {
                                    "decimal": {
                                        "value": 9
                                    }
                                },
                                "displayName": "Access 2000"
                            }
                        ],
                        "valueName": "default file format",
                        "inputType": "dropdownList",
                        "id": "L_empty87"
                    }
                ]
            },
            "name": "L_DefaultFileFormat",
            "displayName": "Standaardbestandsindeling",
            "explainText": "Met deze beleidsinstelling wordt bepaald of nieuwe databasebestanden worden gemaakt in de nieuwe Access-indeling of in de indeling van eerdere versies van Access.\n      \nAls u deze beleidsinstelling inschakelt, kunt u opgeven of nieuwe databasebestanden standaard worden gemaakt in de Access 2016-indeling of in Access 2002–2003-indeling. Gebruikers kunnen de standaardinstelling overschrijven en een specifieke indeling selecteren wanneer ze de bestanden opslaan, maar ze kunnen de standaardinstelling niet zelf instellen in het dialoogvenster Opties voor Access. \n      \nAls u deze beleidsinstelling uitschakelt of niet configureert, worden bestanden opgeslagen in de nieuwe Access 2016-indeling wanneer gebruikers nieuwe databasebestanden maken. Gebruikers kunnen deze functionaliteit echter wijzigen door een bestandsindeling te selecteren in de vervolgkeuzelijst Standaardbestandsindeling onder Opties voor Access | Populair | Databases maken. Opmerking: als u deze beleidsinstelling uitschakelt, kunnen gebruikers kiezen uit drie standaardbestandsindelingen: Access 2000, Access 2002–2003 en Access 2016. U kunt deze beleidsinstelling gebruiken om de Access 2002–2003-of Access 2016-indeling op te geven als standaard, maar niet de Access 2000-indeling.",
            "tags": [
                "L_Miscellaneous",
                "L_MicrosoftOfficeaccess"
            ],
            "application": "access16",
            "key": "software\\microsoft\\office\\16.0\\access\\settings"
        },
        {
            "parentCategory": {
                "ref": "L_Miscellaneous"
            },
            "supportedOn": {
                "ref": "windows:SUPPORTED_Windows7"
            },
            "enabledValue": {
                "decimal": {
                    "value": 1
                }
            },
            "disabledValue": {
                "decimal": {
                    "value": 0
                }
            },
            "name": "L_Donotprompttoconvertolderdatabases",
            "displayName": "Niet vragen oudere databases te converteren",
            "explainText": "Met deze beleidsinstelling wordt bepaald of gebruikers wordt gevraagd om oudere databases te converteren wanneer die worden geopend. \n      \nAls u deze beleidsinstelling inschakelt, worden databases met Access 97-indeling ongewijzigd gelaten. De gebruiker wordt ervan op de hoogte gesteld dat de database de oudere indeling heeft, maar krijgt geen optie om de database te converteren. Sommige functies die zijn geïntroduceerd in nieuwere versies van Access zijn niet beschikbaar en de gebruiker kan geen wijzigingen aanbrengen in het ontwerp van de database. \n      \nAls u deze beleidsinstelling uitschakelt of niet configureert, wordt gebruikers die databases openen die zijn gemaakt in de Access 97-bestandsindeling gevraagd of ze de database willen converteren naar een nieuwere bestandsindeling. Gebruikers kunnen kiezen tussen het converteren van de database of het behouden van de oude indeling.",
            "tags": [
                "L_Miscellaneous",
                "L_MicrosoftOfficeaccess"
            ],
            "application": "access16",
            "key": "software\\microsoft\\office\\16.0\\access\\settings",
            "valueName": "noconvertdialog"
        },
        {
            "parentCategory": {
                "ref": "L_Miscellaneous"
            },
            "supportedOn": {
                "ref": "windows:SUPPORTED_Windows7"
            },
            "enabledValue": {
                "decimal": {
                    "value": 1
                }
            },
            "disabledValue": {
                "decimal": {
                    "value": 0
                }
            },
            "name": "L_2007CompatibleCachePolicy",
            "displayName": "Access 2007-compatibele cache gebruiken",
            "explainText": "Met deze beleidsinstelling kunt u afdwingen dat nieuwe en bestaande databases gebruikmaken van een cache-compatibele Access 2007.\n\nAls u deze beleidsinstelling inschakelt, gebruiken nieuwe en bestaande databases caching die compatibel is met Access 2007.\n\nAls u deze beleidsinstelling uitschakelt of niet configureert, wordt in nieuwe databases de standaardcaching gebruikt, die niet compatibel is met Access 2007.  Voor bestaande databases wordt de cachemodus gebruikt waarmee ze zijn gemaakt.\n",
            "tags": [
                "L_Miscellaneous",
                "L_MicrosoftOfficeaccess"
            ],
            "application": "access16",
            "key": "software\\microsoft\\office\\16.0\\access\\settings",
            "valueName": "use2007compatiblecache"
        },
        {
            "parentCategory": {
                "ref": "L_Miscellaneous"
            },
            "supportedOn": {
                "ref": "windows:SUPPORTED_Windows7"
            },
            "enabledValue": {
                "decimal": {
                    "value": 1
                }
            },
            "disabledValue": {
                "decimal": {
                    "value": 0
                }
            },
            "name": "L_ClearCacheOnClosePolicy",
            "displayName": "Cache wissen bij sluiten",
            "explainText": "Met deze beleidsinstelling kunt u ervoor zorgen dat de cache voor databases die niet compatibel zijn met Access 2016 wordt gewist wanneer de database wordt gesloten.\n\nAls u deze beleidsinstelling inschakelt, worden alle koppelingen van Microsoft SharePoint of Business Data Catalog (BDC) in de cache gewist bij het sluiten voor databases die niet gebruikmaken van met Access 2016 compatibele caching.  Als de database gebruikmaakt van met Access 2016 compatibele caching, heeft deze beleidsinstelling geen effect wanneer deze is ingeschakeld.\n\nAls u deze beleidsinstelling uitschakelt of niet configureert, worden koppelingen van Microsoft SharePoint of Business Data Catalog (BDC) in de cache niet gewist bij het sluiten van databases die niet gebruikmaken van met Access 2016-compatibele caching.  Als de database gebruikmaakt van Access 2016-compatibele caching, heeft deze beleidsinstelling geen effect wanneer deze is uitgeschakeld of niet is geconfigureerd.",
            "tags": [
                "L_Miscellaneous",
                "L_MicrosoftOfficeaccess"
            ],
            "application": "access16",
            "key": "software\\microsoft\\office\\16.0\\access\\settings",
            "valueName": "clearcacheonclose"
        },
        {
            "parentCategory": {
                "ref": "L_Miscellaneous"
            },
            "supportedOn": {
                "ref": "windows:SUPPORTED_Windows7"
            },
            "enabledValue": {
                "decimal": {
                    "value": 1
                }
            },
            "disabledValue": {
                "decimal": {
                    "value": 0
                }
            },
            "name": "L_NeverCachePolicy",
            "displayName": "Nooit gegevens in cache opslaan",
            "explainText": "Met deze beleidsinstelling kunt u voorkomen dat databases die niet gebruikmaken van Access 2016-compatibele caching gegevens opslaan in de cache.\n\nAls u deze beleidsinstelling inschakelt, worden gegevens uit de Microsoft SharePoint-of Business Data-catalogus (BDC) niet opgeslagen in de cache voor databases die geen caching gebruiken die compatibel is met Access 2016.  Als de database gebruikmaakt van Access 2016-compatibele caching, heeft deze beleidsinstelling geen effect wanneer deze is ingeschakeld.\n\nAls u deze beleidsinstelling uitschakelt of niet configureert, worden gegevens uit de Microsoft SharePoint-of Business Data Catalog (BDC) opgeslagen in de cache voor databases die geen gebruik maken van Access 2016-compatibele caching. Als de database gebruikmaakt van Access 2016-compatibele caching, heeft deze beleidsinstelling geen effect wanneer deze is uitgeschakeld of niet is geconfigureerd.",
            "tags": [
                "L_Miscellaneous",
                "L_MicrosoftOfficeaccess"
            ],
            "application": "access16",
            "key": "software\\microsoft\\office\\16.0\\access\\settings",
            "valueName": "nevercache"
        },
        {
            "parentCategory": {
                "ref": "L_Miscellaneous"
            },
            "supportedOn": {
                "ref": "windows:SUPPORTED_Windows7"
            },
            "elements": {
                "items": [
                    {
                        "valueName": "personaltemplatesaccess",
                        "requiredSpecified": false,
                        "expandable": true,
                        "expandableSpecified": true,
                        "maxLengthSpecified": false,
                        "inputType": "textBox",
                        "caption": "Pad voor persoonlijke sjablonen",
                        "id": "L_PersonalTemplatesPath"
                    }
                ]
            },
            "name": "L_PersonalTemplatesPath",
            "displayName": "Pad voor persoonlijke sjablonen voor Access",
            "explainText": "Met deze beleidsinstelling geeft u de locatie op van de persoonlijke sjablonen van een gebruiker. \n\nAls u deze beleidsinstelling inschakelt, krijgen gebruikers sjablonen te zien die ze hebben opgeslagen op de opgegeven locatie op het tabblad Aangepaste sjablonen op het Office-startscherm en in Bestand | Nieuw, en wanneer ze een sjabloon opslaan, wordt de opgegeven locatie gebruikt in plaats van de standaardmap. \n\nAls u deze beleidsinstelling uitschakelt of niet configureert, kunnen gebruikers geen sjablonen die ze hebben opgeslagen zien op het tabblad Aangepaste sjablonen op het Office-startscherm en in Bestand | Nieuw, en wordt bij het opslaan van een sjabloon hun standaardmap voor het opslaan van documenten gebruikt.",
            "tags": [
                "L_Miscellaneous",
                "L_MicrosoftOfficeaccess"
            ],
            "application": "access16",
            "key": "software\\microsoft\\office\\16.0\\access\\settings"
        },
        {
            "parentCategory": {
                "ref": "L_Miscellaneous"
            },
            "supportedOn": {
                "ref": "windows:SUPPORTED_Windows7"
            },
            "enabledValue": {
                "decimal": {
                    "value": 1
                }
            },
            "disabledValue": {
                "decimal": {
                    "value": 0
                }
            },
            "name": "L_DefaultCustomTab",
            "displayName": "Tabblad Aangepaste sjablonen standaard weergeven in Access op het Office-startscherm en in Bestand | Nieuw",
            "explainText": "Met deze beleidsinstelling wordt bepaald of aangepaste sjablonen (indien aanwezig) worden weergegeven als standaardtabblad in Access op het startscherm van Office en in Bestand | Nieuw. \n\nAls u deze beleidsinstelling inschakelt, zien gebruikers het tabblad Aangepaste sjablonen als standaardtabblad in Access op het Office-startscherm en in Bestand | Nieuw wanneer er sjablonen zijn (dit kunnen aangepaste XML-sjablonen zijn, sjablonen in het pad voor werkgroepsjablonen, sjablonen in het pad voor persoonlijke sjablonen of SharePoint-sjablonen).\n\nAls u deze beleidsinstelling uitschakelt of niet configureert, zien gebruikers het tabblad Aanbevolen sjablonen als het standaardtabblad in Access op het Office-startscherm en in Bestand | Nieuw, tenzij alle sjablonen van Office zijn uitgeschakeld.",
            "tags": [
                "L_Miscellaneous",
                "L_MicrosoftOfficeaccess"
            ],
            "application": "access16",
            "key": "software\\microsoft\\office\\16.0\\access\\settings",
            "valueName": "officestartdefaulttab"
        }
    ]
}